{"cameraMode":{"drawMode":0,"name":"Shaded","section":"Shading Mode"},"sceneLighting":true,"audioPlay":false,"sceneViewState":{"m_AlwaysRefresh":false,"showFog":true,"showSkybox":true,"showFlares":true,"showImageEffects":true,"showParticleSystems":true,"showVisualEffectGraphs":true,"m_FxEnabled":true},"in2DMode":false,"pivot":{"x":0.46067100763320925,"y":-6.903658866882324,"z":-1.2608489990234376},"rotation":{"x":0.004499851725995541,"y":-0.007499828934669495,"z":0.00003375018059159629,"w":0.999960720539093},"size":12.816286087036133,"orthographic":true}